{
  "accuracy": 0.7750177430801988,
  "precision": 0.5640449438202247,
  "recall": 0.6711229946524064,
  "f1": 0.612942612942613,
  "roc_auc": 0.8353871192745874
}