segment_label,customers,avg_tenure,avg_monthly_charges,avg_churn_prob,actual_churn_rate
At Risk,2803,12.726364609347128,67.25064216910452,0.6436577262362667,0.5950767035319301
Dormant,1749,30.162378502001143,61.43490566037735,0.23647369561875164,0.09948542024013722
Loyal,2491,56.027298273785625,64.29682858289843,0.0638864869961206,0.010839020473705338
